{
    "before_layer_change_gcode": ";BEFORE_LAYER_CHANGE\n;[layer_z]\n\n",
    "change_filament_gcode": "T{next_extruder}\nG92 E0",
    "emit_machine_limits_to_gcode": "0",
    "from": "User",
    "inherits": "MyRRF 0.4 nozzle",
    "is_custom_defined": "0",
    "machine_end_gcode": "G91 \nG1 Z10 F600\nG90",
    "machine_max_acceleration_e": [
        "250",
        "5000"
    ],
    "machine_max_acceleration_extruding": [
        "0",
        "20000"
    ],
    "machine_max_acceleration_retracting": [
        "0",
        "5000"
    ],
    "machine_max_acceleration_travel": [
        "0",
        "20000"
    ],
    "machine_max_acceleration_x": [
        "1500",
        "20000"
    ],
    "machine_max_acceleration_y": [
        "1500",
        "20000"
    ],
    "machine_max_acceleration_z": [
        "20",
        "200"
    ],
    "machine_max_jerk_e": [
        "2",
        "2.5"
    ],
    "machine_max_jerk_z": [
        "1",
        "0.4"
    ],
    "machine_max_speed_e": [
        "60",
        "25"
    ],
    "machine_max_speed_x": [
        "150",
        "200"
    ],
    "machine_max_speed_y": [
        "150",
        "200"
    ],
    "machine_max_speed_z": [
        "10",
        "12"
    ],
    "machine_start_gcode": ";set global.FileName = \"{input_filename}\"\n;M98 P\"0:/macros/Machine/Logs/InitLogTemps.g\"\n\nM220 S100\nG92 E0\nM140 S[first_layer_bed_temperature] ; set bed temp\n\n{if is_extruder_used[0] == true && is_extruder_used[1] == true} \nG10 P0 S{nozzle_temperature[0]}\nG10 P1 S{nozzle_temperature[1]}\n{elsif is_extruder_used[0] == true && is_extruder_used[1] == false} \nG10 P0 S{nozzle_temperature[0]}\n{elsif is_extruder_used[0] == false && is_extruder_used[1] == true} \nG10 P1 S{nozzle_temperature[1]}\n{endif}\n\nM98 P\"0:/sys/start_print_Lucy.g\" T[current_extruder]",
    "max_layer_height": [
        "0.3"
    ],
    "min_layer_height": [
        "0.075"
    ],
    "name": "Namma_LUCY",
    "nozzle_type": "hardened_steel",
    "printable_area": [
        "0x0",
        "300x0",
        "300x300",
        "0x300"
    ],
    "printable_height": "300",
    "printer_settings_id": "Namma_LUCY",
    "retraction_length": [
        "1"
    ],
    "thumbnails": "48x48/PNG, 300x300/PNG",
    "upward_compatible_machine": [
        "Bambu Lab P1S 0.4 nozzle",
        "Bambu Lab P1P 0.4 nozzle",
        "Bambu Lab X1 0.4 nozzle",
        "Bambu Lab X1E 0.4 nozzle",
        "Bambu Lab A1 0.4 nozzle"
    ],
    "version": "2.0.2.0",
    "wipe": [
        "0"
    ],
    "z_hop": [
        "0"
    ]
}
