{
    "before_layer_change_gcode": ";BEFORE_LAYER_CHANGE\n;[layer_z]\n\n",
    "change_filament_gcode": "T{next_extruder}\nG92 E0",
    "deretraction_speed": [
        "30",
        "30"
    ],
    "emit_machine_limits_to_gcode": "0",
    "extruder_colour": [
        "#FCE94F",
        "#FCE94F"
    ],
    "extruder_offset": [
        "0x0",
        "0x0"
    ],
    "from": "User",
    "inherits": "MyRRF 0.4 nozzle",
    "is_custom_defined": "0",
    "long_retractions_when_cut": [
        "0",
        "0"
    ],
    "machine_end_gcode": "M104 S0 ; turn off extruder\nM568 P0 A0 ; \nM568 P1 A0\nM140 S-273.15 ; turn off bed\nM141 S0\nM42 P6 S0\nG91 \nG1 Z10 F600\nG90",
    "machine_max_acceleration_e": [
        "500",
        "5000"
    ],
    "machine_max_acceleration_extruding": [
        "0",
        "20000"
    ],
    "machine_max_acceleration_retracting": [
        "0",
        "5000"
    ],
    "machine_max_acceleration_travel": [
        "0",
        "20000"
    ],
    "machine_max_acceleration_x": [
        "400",
        "20000"
    ],
    "machine_max_acceleration_y": [
        "400",
        "20000"
    ],
    "machine_max_acceleration_z": [
        "25",
        "200"
    ],
    "machine_max_jerk_e": [
        "8.33",
        "2.5"
    ],
    "machine_max_jerk_x": [
        "5.8",
        "9"
    ],
    "machine_max_jerk_y": [
        "5.8",
        "9"
    ],
    "machine_max_jerk_z": [
        "0.33",
        "0.4"
    ],
    "machine_max_speed_e": [
        "120",
        "25"
    ],
    "machine_max_speed_x": [
        "150",
        "200"
    ],
    "machine_max_speed_y": [
        "150",
        "200"
    ],
    "machine_max_speed_z": [
        "25",
        "12"
    ],
    "machine_start_gcode": "T{initial_extruder}\nM42 P0 S0\nM220 S100\nG92 E0\nM116 P0 S5\nM116 H0 S5",
    "max_layer_height": [
        "0.3",
        "0.3"
    ],
    "min_layer_height": [
        "0.075",
        "0.075"
    ],
    "name": "Namma_EVA-500",
    "nozzle_diameter": [
        "0.6",
        "0.4"
    ],
    "nozzle_type": "hardened_steel",
    "printable_area": [
        "0x0",
        "500x0",
        "500x500",
        "0x500"
    ],
    "printable_height": "500",
    "printer_settings_id": "Namma_EVA-500",
    "retract_before_wipe": [
        "70%",
        "70%"
    ],
    "retract_length_toolchange": [
        "2",
        "2"
    ],
    "retract_lift_above": [
        "0",
        "0"
    ],
    "retract_lift_below": [
        "0",
        "0"
    ],
    "retract_lift_enforce": [
        "All Surfaces",
        "All Surfaces"
    ],
    "retract_on_top_layer": [
        "1",
        "1"
    ],
    "retract_restart_extra": [
        "0",
        "0"
    ],
    "retract_restart_extra_toolchange": [
        "0",
        "0"
    ],
    "retract_when_changing_layer": [
        "1",
        "1"
    ],
    "retraction_distances_when_cut": [
        "18",
        "18"
    ],
    "retraction_length": [
        "1",
        "1"
    ],
    "retraction_minimum_travel": [
        "1",
        "1"
    ],
    "retraction_speed": [
        "30",
        "30"
    ],
    "single_extruder_multi_material": "0",
    "thumbnails": "48x48/PNG, 300x300/PNG",
    "travel_slope": [
        "3",
        "3"
    ],
    "upward_compatible_machine": [
        "Bambu Lab P1S 0.4 nozzle",
        "Bambu Lab P1P 0.4 nozzle",
        "Bambu Lab X1 0.4 nozzle",
        "Bambu Lab X1E 0.4 nozzle",
        "Bambu Lab A1 0.4 nozzle"
    ],
    "version": "2.0.2.0",
    "wipe": [
        "0",
        "0"
    ],
    "wipe_distance": [
        "1",
        "1"
    ],
    "z_hop": [
        "0",
        "0"
    ],
    "z_hop_types": [
        "Normal Lift",
        "Normal Lift"
    ]
}
