{
    "adaptive_bed_mesh_margin": "0",
    "auxiliary_fan": "0",
    "bbl_use_printhost": "0",
    "bed_custom_model": "",
    "bed_custom_texture": "",
    "bed_exclude_area": [
        "0x0"
    ],
    "bed_mesh_max": "99999,99999",
    "bed_mesh_min": "-99999,-99999",
    "bed_mesh_probe_distance": "50,50",
    "before_layer_change_gcode": ";BEFORE_LAYER_CHANGE\n;[layer_z]\nG92 E0\n",
    "best_object_pos": "0.5,0.5",
    "change_extrusion_role_gcode": "",
    "change_filament_gcode": "T{next_extruder}\nG92 E0",
    "cooling_tube_length": "5",
    "cooling_tube_retraction": "91.5",
    "default_filament_profile": [],
    "default_print_profile": "",
    "deretraction_speed": [
        "0"
    ],
    "disable_m73": "0",
    "emit_machine_limits_to_gcode": "0",
    "enable_filament_ramming": "1",
    "enable_long_retraction_when_cut": "0",
    "extra_loading_move": "-2",
    "extruder_clearance_height_to_lid": "120",
    "extruder_clearance_height_to_rod": "40",
    "extruder_clearance_radius": "40",
    "extruder_colour": [
        ""
    ],
    "extruder_offset": [
        "0x0"
    ],
    "fan_kickstart": "0",
    "fan_speedup_overhangs": "1",
    "fan_speedup_time": "0",
    "from": "User",
    "gcode_flavor": "reprapfirmware",
    "head_wrap_detect_zone": [],
    "high_current_on_filament_swap": "0",
    "host_type": "octoprint",
    "inherits": "",
    "is_custom_defined": "0",
    "layer_change_gcode": ";AFTER_LAYER_CHANGE\n;[layer_z]\nG92 E0",
    "long_retractions_when_cut": [
        "0"
    ],
    "machine_end_gcode": "G91 \nG1 Z10 F600\nG90",
    "machine_load_filament_time": "0",
    "machine_max_acceleration_e": [
        "250",
        "5000"
    ],
    "machine_max_acceleration_extruding": [
        "0",
        "20000"
    ],
    "machine_max_acceleration_retracting": [
        "0",
        "5000"
    ],
    "machine_max_acceleration_travel": [
        "0",
        "20000"
    ],
    "machine_max_acceleration_x": [
        "1500",
        "20000"
    ],
    "machine_max_acceleration_y": [
        "1500",
        "20000"
    ],
    "machine_max_acceleration_z": [
        "20",
        "200"
    ],
    "machine_max_jerk_e": [
        "2",
        "2.5"
    ],
    "machine_max_jerk_x": [
        "10",
        "10"
    ],
    "machine_max_jerk_y": [
        "10",
        "10"
    ],
    "machine_max_jerk_z": [
        "1",
        "0.4"
    ],
    "machine_max_speed_e": [
        "60",
        "25"
    ],
    "machine_max_speed_x": [
        "150",
        "200"
    ],
    "machine_max_speed_y": [
        "150",
        "200"
    ],
    "machine_max_speed_z": [
        "10",
        "12"
    ],
    "machine_min_extruding_rate": [
        "0",
        "0"
    ],
    "machine_min_travel_rate": [
        "0",
        "0"
    ],
    "machine_pause_gcode": "",
    "machine_start_gcode": ";set global.FileName = \"{input_filename}\"\n;M98 P\"0:/macros/Machine/Logs/InitLogTemps.g\"\n\nM220 S100\nG92 E0\nM140 S[first_layer_bed_temperature] ; set bed temp\n\n{if is_extruder_used[0] == true && is_extruder_used[1] == true} \nG10 P0 S{nozzle_temperature[0]}\nG10 P1 S{nozzle_temperature[1]}\n{elsif is_extruder_used[0] == true && is_extruder_used[1] == false} \nG10 P0 S{nozzle_temperature[0]}\n{elsif is_extruder_used[0] == false && is_extruder_used[1] == true} \nG10 P1 S{nozzle_temperature[1]}\n{endif}\n\nM98 P\"0:/sys/start_print_Lucy.g\" T[current_extruder]\nT0",
    "machine_tool_change_time": "0",
    "machine_unload_filament_time": "0",
    "manual_filament_change": "0",
    "max_layer_height": [
        "0.48"
    ],
    "min_layer_height": [
        "0.075"
    ],
    "name": "Namma_LUCY",
    "nozzle_diameter": [
        "0.6"
    ],
    "nozzle_height": "2.5",
    "nozzle_hrc": "0",
    "nozzle_type": "hardened_steel",
    "nozzle_volume": "0",
    "parking_pos_retraction": "92",
    "pellet_modded_printer": "0",
    "preferred_orientation": "0",
    "print_host": "",
    "print_host_webui": "",
    "printable_area": [
        "0x0",
        "300x0",
        "300x300",
        "0x300"
    ],
    "printable_height": "300",
    "printer_model": "",
    "printer_notes": "",
    "printer_settings_id": "Namma_LUCY",
    "printer_structure": "undefine",
    "printer_technology": "FFF",
    "printer_variant": "",
    "printhost_apikey": "",
    "printhost_authorization_type": "key",
    "printhost_cafile": "",
    "printhost_password": "",
    "printhost_port": "",
    "printhost_ssl_ignore_revoke": "0",
    "printhost_user": "",
    "printing_by_object_gcode": "",
    "purge_in_prime_tower": "1",
    "retract_before_wipe": [
        "100%"
    ],
    "retract_length_toolchange": [
        "10"
    ],
    "retract_lift_above": [
        "0"
    ],
    "retract_lift_below": [
        "0"
    ],
    "retract_lift_enforce": [
        "All Surfaces"
    ],
    "retract_on_top_layer": [
        "1"
    ],
    "retract_restart_extra": [
        "0"
    ],
    "retract_restart_extra_toolchange": [
        "0"
    ],
    "retract_when_changing_layer": [
        "0"
    ],
    "retraction_distances_when_cut": [
        "18"
    ],
    "retraction_length": [
        "1"
    ],
    "retraction_minimum_travel": [
        "2"
    ],
    "retraction_speed": [
        "30"
    ],
    "scan_first_layer": "0",
    "silent_mode": "0",
    "single_extruder_multi_material": "1",
    "support_air_filtration": "1",
    "support_chamber_temp_control": "1",
    "support_multi_bed_types": "0",
    "template_custom_gcode": "",
    "thumbnails": "48x48/PNG, 300x300/PNG",
    "thumbnails_format": "PNG",
    "time_cost": "0",
    "time_lapse_gcode": "",
    "travel_slope": [
        "3"
    ],
    "upward_compatible_machine": [
        "Bambu Lab P1S 0.4 nozzle",
        "Bambu Lab P1P 0.4 nozzle",
        "Bambu Lab X1 0.4 nozzle",
        "Bambu Lab X1E 0.4 nozzle",
        "Bambu Lab A1 0.4 nozzle"
    ],
    "use_firmware_retraction": "0",
    "use_relative_e_distances": "1",
    "version": "2.0.2.0",
    "wipe": [
        "0"
    ],
    "wipe_distance": [
        "1"
    ],
    "z_hop": [
        "0"
    ],
    "z_hop_types": [
        "Slope Lift"
    ],
    "z_offset": "0"
}
