{
    "activate_air_filtration": [
        "0"
    ],
    "activate_chamber_temp_control": [
        "0"
    ],
    "adaptive_pressure_advance": [
        "0"
    ],
    "adaptive_pressure_advance_bridges": [
        "0"
    ],
    "adaptive_pressure_advance_model": [
        "0,0,0\n0,0,0"
    ],
    "adaptive_pressure_advance_overhangs": [
        "0"
    ],
    "additional_cooling_fan_speed": [
        "70"
    ],
    "chamber_temperature": [
        "0"
    ],
    "close_fan_the_first_x_layers": [
        "1"
    ],
    "compatible_extruders": [
        "extruder_04",
        "extruder_06"
    ],
    "compatible_printers": [
        "Namma_ANA",
        "Namma_ANA_Symetrie",
        "Namma_ANA_Duplication",
        "Namma_LUCY"
    ],
    "compatible_printers_condition": "",
    "compatible_prints": [],
    "compatible_prints_condition": "",
    "complete_print_exhaust_fan_speed": [
        "80"
    ],
    "cool_plate_temp": [
        "60"
    ],
    "cool_plate_temp_initial_layer": [
        "60"
    ],
    "default_filament_colour": [
        "#00FFFF"
    ],
    "dont_slow_down_outer_wall": [
        "0"
    ],
    "during_print_exhaust_fan_speed": [
        "60"
    ],
    "enable_overhang_bridge_fan": [
        "1"
    ],
    "enable_pressure_advance": [
        "0"
    ],
    "eng_plate_temp": [
        "60"
    ],
    "eng_plate_temp_initial_layer": [
        "60"
    ],
    "fan_cooling_layer_time": [
        "500"
    ],
    "fan_max_speed": [
        "100"
    ],
    "fan_min_speed": [
        "100"
    ],
    "filament_cooling_final_speed": [
        "3.4"
    ],
    "filament_cooling_initial_speed": [
        "2.2"
    ],
    "filament_cooling_moves": [
        "4"
    ],
    "filament_cost": [
        "27"
    ],
    "filament_density": [
        "1.24"
    ],
    "filament_deretraction_speed": [
        "nil"
    ],
    "filament_diameter": [
        "1.75"
    ],
    "filament_end_gcode": [
        "; filament end gcode \n"
    ],
    "filament_flow_ratio": [
        "1"
    ],
    "filament_id": "Pdd1516e",
    "filament_is_support": [
        "0"
    ],
    "filament_loading_speed": [
        "28"
    ],
    "filament_loading_speed_start": [
        "3"
    ],
    "filament_long_retractions_when_cut": [
        "nil"
    ],
    "filament_max_volumetric_speed": [
        "8"
    ],
    "filament_minimal_purge_on_wipe_tower": [
        "15"
    ],
    "filament_multitool_ramming": [
        "0"
    ],
    "filament_multitool_ramming_flow": [
        "10"
    ],
    "filament_multitool_ramming_volume": [
        "10"
    ],
    "filament_notes": [
        ";Avant dernière mise à jour : 07/02/2025\n;Dernière mise à jour : 04/04/2025\n-Retraction \"toute les surfaces\""
    ],
    "filament_ramming_parameters": [
        "120 100 6.6 6.8 7.2 7.6 7.9 8.2 8.7 9.4 9.9 10.0| 0.05 6.6 0.45 6.8 0.95 7.8 1.45 8.3 1.95 9.7 2.45 10 2.95 7.6 3.45 7.6 3.95 7.6 4.45 7.6 4.95 7.6"
    ],
    "filament_retract_before_wipe": [
        "nil"
    ],
    "filament_retract_lift_above": [
        "nil"
    ],
    "filament_retract_lift_below": [
        "nil"
    ],
    "filament_retract_lift_enforce": [
        "All Surfaces"
    ],
    "filament_retract_restart_extra": [
        "nil"
    ],
    "filament_retract_when_changing_layer": [
        "nil"
    ],
    "filament_retraction_distances_when_cut": [
        "nil"
    ],
    "filament_retraction_length": [
        "0.7"
    ],
    "filament_retraction_minimum_travel": [
        "5"
    ],
    "filament_retraction_speed": [
        "40"
    ],
    "filament_settings_id": [
        "N-PLA"
    ],
    "filament_shrink": [
        "100%"
    ],
    "filament_shrinkage_compensation_z": [
        "100%"
    ],
    "filament_soluble": [
        "0"
    ],
    "filament_stamping_distance": [
        "0"
    ],
    "filament_stamping_loading_speed": [
        "0"
    ],
    "filament_start_gcode": [
        "; filament start gcode\n;M207 S0.5 R0 F2400 \n\n\n{if nozzle_diameter[0]== 0.4}\nM221 S98 \nM572 D0 S0.08\n{elsif nozzle_diameter[0]== 0.6}\nM221 S98\nM572 D0 S0.050\nM207 S1.5 F3600 ; Longueur de rétraction (S1 pour 1 mm), vitesse de rétraction (F3600 pour 60 mm/s)\n{endif}"
    ],
    "filament_toolchange_delay": [
        "0"
    ],
    "filament_type": [
        "PLA"
    ],
    "filament_unloading_speed": [
        "90"
    ],
    "filament_unloading_speed_start": [
        "100"
    ],
    "filament_vendor": [
        "Namma"
    ],
    "filament_wipe": [
        "nil"
    ],
    "filament_wipe_distance": [
        "1"
    ],
    "filament_z_hop": [
        "0.5"
    ],
    "filament_z_hop_types": [
        "Slope Lift"
    ],
    "from": "User",
    "full_fan_speed_layer": [
        "0"
    ],
    "hot_plate_temp": [
        "40"
    ],
    "hot_plate_temp_initial_layer": [
        "45"
    ],
    "idle_temperature": [
        "0"
    ],
    "internal_bridge_fan_speed": [
        "-1"
    ],
    "is_custom_defined": "0",
    "name": "N-PLA",
    "nozzle_temperature": [
        "205"
    ],
    "nozzle_temperature_initial_layer": [
        "210"
    ],
    "nozzle_temperature_range_high": [
        "230"
    ],
    "nozzle_temperature_range_low": [
        "180"
    ],
    "overhang_fan_speed": [
        "100"
    ],
    "overhang_fan_threshold": [
        "0%"
    ],
    "pellet_flow_coefficient": [
        "0.4157"
    ],
    "pressure_advance": [
        "0.04"
    ],
    "reduce_fan_stop_start_freq": [
        "1"
    ],
    "required_nozzle_HRC": [
        "0"
    ],
    "slow_down_for_layer_cooling": [
        "1"
    ],
    "slow_down_layer_time": [
        "0"
    ],
    "slow_down_min_speed": [
        "10"
    ],
    "support_material_interface_fan_speed": [
        "-1"
    ],
    "temperature_vitrification": [
        "60"
    ],
    "textured_cool_plate_temp": [
        "40"
    ],
    "textured_cool_plate_temp_initial_layer": [
        "40"
    ],
    "textured_plate_temp": [
        "60"
    ],
    "textured_plate_temp_initial_layer": [
        "60"
    ],
    "version": "2.0.2.0"
}