{
    "before_layer_change_gcode": ";BEFORE_LAYER_CHANGE\n;[layer_z]\n\n",
    "change_filament_gcode": "G92 E0",
    "emit_machine_limits_to_gcode": "0",
    "from": "User",
    "inherits": "MyRRF 0.4 nozzle",
    "is_custom_defined": "0",
    "machine_end_gcode": "G91 \nG1 Z10 F600\nG90",
    "machine_max_acceleration_e": [
        "250",
        "5000"
    ],
    "machine_max_acceleration_extruding": [
        "0",
        "20000"
    ],
    "machine_max_acceleration_retracting": [
        "0",
        "5000"
    ],
    "machine_max_acceleration_travel": [
        "0",
        "20000"
    ],
    "machine_max_acceleration_x": [
        "1500",
        "20000"
    ],
    "machine_max_acceleration_y": [
        "1500",
        "20000"
    ],
    "machine_max_acceleration_z": [
        "20",
        "200"
    ],
    "machine_max_jerk_e": [
        "2",
        "2.5"
    ],
    "machine_max_jerk_z": [
        "1",
        "0.4"
    ],
    "machine_max_speed_e": [
        "60",
        "25"
    ],
    "machine_max_speed_x": [
        "150",
        "200"
    ],
    "machine_max_speed_y": [
        "150",
        "200"
    ],
    "machine_max_speed_z": [
        "10",
        "12"
    ],
    "machine_start_gcode": "M220 S100\nG92 E0\nM140 S[first_layer_bed_temperature] ; set bed temp\n\nG10 P0 S{nozzle_temperature[0]}\nG10 P1 S{nozzle_temperature[1]}\n\nM98 P\"0:/sys/start_print_ANA.g\" T2",
    "max_layer_height": [
        "0.3"
    ],
    "min_layer_height": [
        "0.075"
    ],
    "name": "Namma_ANA_Duplication",
    "nozzle_type": "hardened_steel",
    "printable_area": [
        "0x0",
        "145x0",
        "145x300",
        "0x300"
    ],
    "printable_height": "300",
    "printer_settings_id": "Namma_ANA_Duplication",
    "retraction_length": [
        "1"
    ],
    "single_extruder_multi_material": "0",
    "thumbnails": "48x48/PNG, 300x300/PNG",
    "version": "2.0.2.0",
    "wipe": [
        "0"
    ],
    "z_hop": [
        "0"
    ]
}
