{
    "activate_air_filtration": [
        "0"
    ],
    "activate_chamber_temp_control": [
        "0"
    ],
    "adaptive_pressure_advance": [
        "0"
    ],
    "adaptive_pressure_advance_bridges": [
        "0"
    ],
    "adaptive_pressure_advance_model": [
        "0,0,0\n0,0,0"
    ],
    "adaptive_pressure_advance_overhangs": [
        "0"
    ],
    "additional_cooling_fan_speed": [
        "0"
    ],
    "chamber_temperature": [
        "0"
    ],
    "close_fan_the_first_x_layers": [
        "3"
    ],
    "compatible_extruders": [
        "extruder_04",
        "extruder_06"
    ],
    "compatible_printers": [
        "Namma_ANA",
        "Namma_ANA_Symetrie",
        "Namma_ANA_Duplication",
        "Namma_LUCY"
    ],
    "compatible_printers_condition": "",
    "compatible_prints": [],
    "compatible_prints_condition": "",
    "complete_print_exhaust_fan_speed": [
        "80"
    ],
    "cool_plate_temp": [
        "105"
    ],
    "cool_plate_temp_initial_layer": [
        "105"
    ],
    "default_filament_colour": [
        "#00FFFF"
    ],
    "dont_slow_down_outer_wall": [
        "0"
    ],
    "during_print_exhaust_fan_speed": [
        "60"
    ],
    "enable_overhang_bridge_fan": [
        "1"
    ],
    "enable_pressure_advance": [
        "0"
    ],
    "eng_plate_temp": [
        "105"
    ],
    "eng_plate_temp_initial_layer": [
        "105"
    ],
    "fan_cooling_layer_time": [
        "30"
    ],
    "fan_max_speed": [
        "60"
    ],
    "fan_min_speed": [
        "20"
    ],
    "filament_cooling_final_speed": [
        "3.4"
    ],
    "filament_cooling_initial_speed": [
        "2.2"
    ],
    "filament_cooling_moves": [
        "4"
    ],
    "filament_cost": [
        "94"
    ],
    "filament_density": [
        "1.28"
    ],
    "filament_deretraction_speed": [
        "nil"
    ],
    "filament_diameter": [
        "1.75"
    ],
    "filament_end_gcode": [
        "; filament end gcode \n"
    ],
    "filament_flow_ratio": [
        "1"
    ],
    "filament_id": "Pdd1516e",
    "filament_is_support": [
        "0"
    ],
    "filament_loading_speed": [
        "28"
    ],
    "filament_loading_speed_start": [
        "3"
    ],
    "filament_long_retractions_when_cut": [
        "nil"
    ],
    "filament_max_volumetric_speed": [
        "16"
    ],
    "filament_minimal_purge_on_wipe_tower": [
        "15"
    ],
    "filament_multitool_ramming": [
        "0"
    ],
    "filament_multitool_ramming_flow": [
        "10"
    ],
    "filament_multitool_ramming_volume": [
        "10"
    ],
    "filament_notes": [
        "; Chauffe de l'enceinte nécéssaire\n;Etuvage 4h à 60°C\n\n;Avant dernière modif: 28/03/2025\n;Dernière modif :28/03/2025"
    ],
    "filament_ramming_parameters": [
        "120 100 6.6 6.8 7.2 7.6 7.9 8.2 8.7 9.4 9.9 10.0| 0.05 6.6 0.45 6.8 0.95 7.8 1.45 8.3 1.95 9.7 2.45 10 2.95 7.6 3.45 7.6 3.95 7.6 4.45 7.6 4.95 7.6"
    ],
    "filament_retract_before_wipe": [
        "nil"
    ],
    "filament_retract_lift_above": [
        "nil"
    ],
    "filament_retract_lift_below": [
        "nil"
    ],
    "filament_retract_lift_enforce": [
        "All Surfaces"
    ],
    "filament_retract_restart_extra": [
        "nil"
    ],
    "filament_retract_when_changing_layer": [
        "nil"
    ],
    "filament_retraction_distances_when_cut": [
        "nil"
    ],
    "filament_retraction_length": [
        "1"
    ],
    "filament_retraction_minimum_travel": [
        "5"
    ],
    "filament_retraction_speed": [
        "50"
    ],
    "filament_settings_id": [
        "N-PETG_GF"
    ],
    "filament_shrink": [
        "99.67%"
    ],
    "filament_shrinkage_compensation_z": [
        "100%"
    ],
    "filament_soluble": [
        "0"
    ],
    "filament_stamping_distance": [
        "0"
    ],
    "filament_stamping_loading_speed": [
        "0"
    ],
    "filament_start_gcode": [
        "; Filament gcode\n;M207 S0.5 R0 F2400 Z0\n\n{if nozzle_diameter[0]== 0.4}\nM221 S93   ;Débit (%)\nM572 D0 S0.065      ;Pressure advance\nM572 D1 S0.065       ;Pressure advance\nM207 W1 ; Distance d'essuyage de 1 mm\n\n{elsif nozzle_diameter[0]== 0.6}\nM221 S102,7   ;Débit (%)\nM572 D0 S0.036     ;Pressure advance\nM572 D1 S0.036      ;Pressure advance\n;M207 S2,5 F2400 ; Longueur de rétraction de 2,5 mm, vitesse de rétraction de 40 mm/s (2400 mm/min)\n;M207 W3 ; Distance d'essuyage de 3 mm\n{endif}\n"
    ],
    "filament_toolchange_delay": [
        "0"
    ],
    "filament_type": [
        "PETG"
    ],
    "filament_unloading_speed": [
        "90"
    ],
    "filament_unloading_speed_start": [
        "100"
    ],
    "filament_vendor": [
        "Namma"
    ],
    "filament_wipe": [
        "nil"
    ],
    "filament_wipe_distance": [
        "1"
    ],
    "filament_z_hop": [
        "0.5"
    ],
    "filament_z_hop_types": [
        "Slope Lift"
    ],
    "from": "User",
    "full_fan_speed_layer": [
        "0"
    ],
    "hot_plate_temp": [
        "75"
    ],
    "hot_plate_temp_initial_layer": [
        "80"
    ],
    "idle_temperature": [
        "0"
    ],
    "internal_bridge_fan_speed": [
        "-1"
    ],
    "is_custom_defined": "0",
    "name": "N-PETG_GF",
    "nozzle_temperature": [
        "250"
    ],
    "nozzle_temperature_initial_layer": [
        "255"
    ],
    "nozzle_temperature_range_high": [
        "270"
    ],
    "nozzle_temperature_range_low": [
        "240"
    ],
    "old_compatible_printers": [],
    "overhang_fan_speed": [
        "85"
    ],
    "overhang_fan_threshold": [
        "50%"
    ],
    "pellet_flow_coefficient": [
        "0.4157"
    ],
    "pressure_advance": [
        "0.06"
    ],
    "reduce_fan_stop_start_freq": [
        "1"
    ],
    "required_nozzle_HRC": [
        "0"
    ],
    "slow_down_for_layer_cooling": [
        "1"
    ],
    "slow_down_layer_time": [
        "6"
    ],
    "slow_down_min_speed": [
        "20"
    ],
    "supertack_plate_temp": [
        "35"
    ],
    "supertack_plate_temp_initial_layer": [
        "35"
    ],
    "support_material_interface_fan_speed": [
        "-1"
    ],
    "temperature_vitrification": [
        "82"
    ],
    "textured_cool_plate_temp": [
        "40"
    ],
    "textured_cool_plate_temp_initial_layer": [
        "40"
    ],
    "textured_plate_temp": [
        "105"
    ],
    "textured_plate_temp_initial_layer": [
        "105"
    ],
    "version": "2.0.2.0"
}