{
    "activate_air_filtration": [
        "0"
    ],
    "activate_chamber_temp_control": [
        "0"
    ],
    "adaptive_pressure_advance": [
        "0"
    ],
    "adaptive_pressure_advance_bridges": [
        "0"
    ],
    "adaptive_pressure_advance_model": [
        "0,0,0\n0,0,0"
    ],
    "adaptive_pressure_advance_overhangs": [
        "0"
    ],
    "additional_cooling_fan_speed": [
        "0"
    ],
    "chamber_temperature": [
        "0"
    ],
    "close_fan_the_first_x_layers": [
        "3"
    ],
    "compatible_extruders": [
        "extruder_04"
    ],
    "compatible_printers": [
        "Namma_ANA"
    ],
    "compatible_printers_condition": "",
    "compatible_prints": [],
    "compatible_prints_condition": "",
    "complete_print_exhaust_fan_speed": [
        "80"
    ],
    "cool_plate_temp": [
        "105"
    ],
    "cool_plate_temp_initial_layer": [
        "105"
    ],
    "default_filament_colour": [
        "#00FFFF"
    ],
    "dont_slow_down_outer_wall": [
        "0"
    ],
    "during_print_exhaust_fan_speed": [
        "60"
    ],
    "enable_overhang_bridge_fan": [
        "1"
    ],
    "enable_pressure_advance": [
        "1"
    ],
    "eng_plate_temp": [
        "105"
    ],
    "eng_plate_temp_initial_layer": [
        "105"
    ],
    "fan_cooling_layer_time": [
        "30"
    ],
    "fan_max_speed": [
        "40"
    ],
    "fan_min_speed": [
        "2"
    ],
    "filament_cooling_final_speed": [
        "3.4"
    ],
    "filament_cooling_initial_speed": [
        "2.2"
    ],
    "filament_cooling_moves": [
        "4"
    ],
    "filament_cost": [
        "200"
    ],
    "filament_density": [
        "1.1"
    ],
    "filament_deretraction_speed": [
        "nil"
    ],
    "filament_diameter": [
        "1.75"
    ],
    "filament_end_gcode": [
        "; filament end gcode \n"
    ],
    "filament_flow_ratio": [
        "0.99"
    ],
    "filament_id": "Pdd1516e",
    "filament_is_support": [
        "1"
    ],
    "filament_loading_speed": [
        "28"
    ],
    "filament_loading_speed_start": [
        "3"
    ],
    "filament_long_retractions_when_cut": [
        "nil"
    ],
    "filament_max_volumetric_speed": [
        "13.77"
    ],
    "filament_minimal_purge_on_wipe_tower": [
        "15"
    ],
    "filament_multitool_ramming": [
        "0"
    ],
    "filament_multitool_ramming_flow": [
        "10"
    ],
    "filament_multitool_ramming_volume": [
        "10"
    ],
    "filament_notes": [
        ";Avant dernière mise à jour : \n;Dernière mise à jour : 05/03/2025"
    ],
    "filament_ramming_parameters": [
        "120 100 6.6 6.8 7.2 7.6 7.9 8.2 8.7 9.4 9.9 10.0| 0.05 6.6 0.45 6.8 0.95 7.8 1.45 8.3 1.95 9.7 2.45 10 2.95 7.6 3.45 7.6 3.95 7.6 4.45 7.6 4.95 7.6"
    ],
    "filament_retract_before_wipe": [
        "nil"
    ],
    "filament_retract_lift_above": [
        "nil"
    ],
    "filament_retract_lift_below": [
        "nil"
    ],
    "filament_retract_lift_enforce": [
        "All Surfaces"
    ],
    "filament_retract_restart_extra": [
        "nil"
    ],
    "filament_retract_when_changing_layer": [
        "nil"
    ],
    "filament_retraction_distances_when_cut": [
        "nil"
    ],
    "filament_retraction_length": [
        "1"
    ],
    "filament_retraction_minimum_travel": [
        "5"
    ],
    "filament_retraction_speed": [
        "40"
    ],
    "filament_settings_id": [
        "N-Soluble"
    ],
    "filament_shrink": [
        "100%"
    ],
    "filament_shrinkage_compensation_z": [
        "100%"
    ],
    "filament_soluble": [
        "1"
    ],
    "filament_stamping_distance": [
        "0"
    ],
    "filament_stamping_loading_speed": [
        "0"
    ],
    "filament_start_gcode": [
        "; Filament gcode\n;M207 S0.5 R0 F2400 Z0"
    ],
    "filament_toolchange_delay": [
        "0"
    ],
    "filament_type": [
        "PETG"
    ],
    "filament_unloading_speed": [
        "90"
    ],
    "filament_unloading_speed_start": [
        "100"
    ],
    "filament_vendor": [
        "Namma"
    ],
    "filament_wipe": [
        "nil"
    ],
    "filament_wipe_distance": [
        "nil"
    ],
    "filament_z_hop": [
        "0.5"
    ],
    "filament_z_hop_types": [
        "nil"
    ],
    "from": "User",
    "full_fan_speed_layer": [
        "0"
    ],
    "hot_plate_temp": [
        "100"
    ],
    "hot_plate_temp_initial_layer": [
        "100"
    ],
    "idle_temperature": [
        "0"
    ],
    "internal_bridge_fan_speed": [
        "-1"
    ],
    "is_custom_defined": "0",
    "name": "N-Soluble",
    "nozzle_temperature": [
        "235"
    ],
    "nozzle_temperature_initial_layer": [
        "235"
    ],
    "nozzle_temperature_range_high": [
        "240"
    ],
    "nozzle_temperature_range_low": [
        "220"
    ],
    "old_compatible_printers": [],
    "overhang_fan_speed": [
        "30"
    ],
    "overhang_fan_threshold": [
        "25%"
    ],
    "pellet_flow_coefficient": [
        "0.4157"
    ],
    "pressure_advance": [
        "0.05"
    ],
    "reduce_fan_stop_start_freq": [
        "0"
    ],
    "required_nozzle_HRC": [
        "0"
    ],
    "slow_down_for_layer_cooling": [
        "1"
    ],
    "slow_down_layer_time": [
        "10"
    ],
    "slow_down_min_speed": [
        "10"
    ],
    "supertack_plate_temp": [
        "35"
    ],
    "supertack_plate_temp_initial_layer": [
        "35"
    ],
    "support_material_interface_fan_speed": [
        "-1"
    ],
    "temperature_vitrification": [
        "90"
    ],
    "textured_cool_plate_temp": [
        "40"
    ],
    "textured_cool_plate_temp_initial_layer": [
        "40"
    ],
    "textured_plate_temp": [
        "105"
    ],
    "textured_plate_temp_initial_layer": [
        "105"
    ],
    "version": "2.0.2.0"
}